,x,y,z,temp,temp_error
1708452105.9483275,10772.25,-8309.21,1075.760000000002,10573277.0,0.0
1708452106.0822809,11491.730000000003,-8372.73,1083.6699999999983,10576682.0,-0.2158489227294922
1708452106.2162342,12223.120000000003,-8420.369999999999,1091.5800000000017,10579496.0,-0.21657943725585938
1708452106.3501875,12966.449999999997,-8452.130000000001,1099.489999999998,10581863.0,-0.21715164184570312
1708452106.4841409,13725.669999999998,-8471.98,1103.4400000000023,10585594.0,-0.2178783416748047
1708452106.6180942,14496.830000000002,-8475.95,1107.4000000000015,10589292.0,-0.21882247924804688
1708452106.7520478,15283.870000000003,-8471.98,1111.3499999999985,10592249.0,-0.2194976806640625
1708452106.886001,16082.849999999999,-8460.07,1115.3099999999977,10595596.0,-0.2201862335205078
1708452107.0199544,16897.730000000003,-8436.25,1119.260000000002,10600372.0,-0.22130775451660156
1708452107.1539078,17728.5,-8404.490000000002,1127.1699999999983,10603786.0,-0.2221221923828125
1708452107.287861,18571.199999999997,-8368.759999999998,1135.0800000000017,10606799.0,-0.2227935791015625
1708452107.4218144,19429.800000000003,-8325.09,1143.0,10611582.0,-0.22388648986816406
1708452107.5557678,20304.300000000003,-8273.48,1150.9100000000035,10615339.0,-0.22484207153320312
1708452107.689721,21194.699999999997,-8217.900000000001,1158.8199999999997,10618329.0,-0.22554779052734375
1708452107.8236744,22104.980000000003,-8158.3499999999985,1166.7300000000032,10622523.0,-0.2264556884765625
1708452107.9576278,23031.15,-8090.860000000001,1174.6399999999994,10626804.0,-0.22758865356445312
1708452108.091581,23973.230000000003,-8019.4000000000015,1186.5,10630019.0,-0.22838401794433594
1708452108.2255344,24931.199999999997,-7943.970000000001,1198.3600000000006,10633263.0,-0.22912025451660156
1708452108.359488,25905.08,-7860.5999999999985,1210.2300000000032,10637955.0,-0.2302989959716797
1708452108.4934413,26894.85,-7773.259999999998,1226.050000000003,10641234.0,-0.23119163513183594
1708452108.6273947,27900.519999999997,-7685.919999999998,1241.8700000000026,10643894.0,-0.23185348510742188
1708452108.761348,28922.1,-7590.639999999999,1257.6900000000023,10648236.0,-0.23289871215820312
1708452108.8953013,29959.58,-7487.419999999998,1277.4599999999991,10651657.0,-0.23388290405273438
1708452109.0292547,31012.949999999997,-7384.200000000001,1297.239999999998,10654070.0,-0.23455429077148438
1708452109.163208,32078.25,-7273.040000000001,1317.010000000002,10657217.0,-0.2352752685546875
1708452109.2971613,33155.479999999996,-7149.970000000001,1340.75,10661162.0,-0.23639297485351562
1708452109.4311147,34240.649999999994,-7022.93,1368.4300000000003,10663355.0,-0.23707199096679688
1708452109.565068,35333.78,-6891.919999999998,1396.1100000000006,10665609.0,-0.2376232147216797
1708452109.6990213,36430.880000000005,-6749.0,1423.800000000003,10669236.0,-0.23862457275390625
1708452109.8329747,37527.979999999996,-6594.169999999998,1455.4400000000023,10671621.0,-0.2393665313720703
1708452109.9669282,38625.08,-6435.369999999999,1491.0299999999988,10673199.0,-0.239837646484375
1708452110.1008816,39718.21000000001,-6264.66,1526.6299999999974,10676159.0,-0.24054527282714844
1708452110.234835,40803.380000000005,-6082.040000000001,1566.1800000000003,10678650.0,-0.2414093017578125
1708452110.3687882,41872.649999999994,-5891.48,1609.6800000000003,10680063.0,-0.24189186096191406
1708452110.5027416,42926.03,-5692.98,1653.1900000000023,10681993.0,-0.24234580993652344
1708452110.636695,43955.56,-5482.57,1700.6500000000015,10684891.0,-0.2432079315185547
1708452110.7706482,44957.25,-5264.220000000001,1752.0699999999997,10686419.0,-0.2437267303466797
1708452110.9046016,45927.16,-5037.93,1803.4800000000032,10687692.0,-0.24408912658691406
1708452111.038555,46861.28,-4803.700000000001,1854.8899999999994,10690565.0,-0.24476242065429688
1708452111.1725082,47755.649999999994,-4565.5,1910.260000000002,10692719.0,-0.24547386169433594
1708452111.3064616,48602.33,-4323.330000000002,1965.6399999999994,10694034.0,-0.24585723876953125
1708452111.4404151,49401.3,-4081.16,2024.9599999999991,10696429.0,-0.24637794494628906
1708452111.5743685,50148.600000000006,-3838.9900000000016,2084.279999999999,10699223.0,-0.2471752166748047
1708452111.7083218,50840.25,-3600.790000000001,2143.6100000000006,10700870.0,-0.2476482391357422
1708452111.8422751,51476.25,-3366.5600000000013,2198.980000000003,10702526.0,-0.2480182647705078
1708452111.9762285,52060.58,-3140.2700000000004,2254.3499999999985,10705592.0,-0.24877548217773438
1708452112.1101818,52589.25,-2921.9199999999983,2309.720000000001,10707312.0,-0.2493438720703125
1708452112.2441351,53062.28,-2719.4500000000007,2361.1399999999994,10708269.0,-0.24964141845703125
1708452112.3780885,53487.600000000006,-2524.9199999999983,2408.5899999999965,10710188.0,-0.25015830993652344
1708452112.5120418,53865.229999999996,-2346.2700000000004,2452.0999999999985,10711350.0,-0.25064659118652344
1708452112.6459951,54199.130000000005,-2179.529999999999,2491.6500000000015,10711287.0,-0.2508277893066406
1708452112.7799485,54493.28,-2024.7000000000007,2531.199999999997,10711562.0,-0.2509784698486328
1708452112.9139018,54751.66,-1885.75,2566.800000000003,10711711.0,-0.2513084411621094
1708452113.0478554,54978.229999999996,-1762.6800000000003,2598.4300000000003,10710745.0,-0.2513427734375
1708452113.1818087,55176.990000000005,-1651.5200000000004,2626.1200000000026,10709406.0,-0.2512035369873047
1708452113.315762,55347.91,-1552.2700000000004,2649.8499999999985,10708752.0,-0.2512950897216797
1708452113.4497154,55494.990000000005,-1460.9599999999991,2669.6200000000026,10707128.0,-0.2511711120605469
1708452113.5836687,55622.17999999999,-1381.5600000000013,2685.4400000000023,10705003.0,-0.250885009765625
1708452113.717622,55733.490000000005,-1314.0699999999997,2701.260000000002,10703509.0,-0.25066566467285156
1708452113.8515754,55828.880000000005,-1254.5200000000004,2713.1299999999974,10701712.0,-0.2505073547363281
1708452113.9855287,55908.380000000005,-1202.9099999999999,2725.0,10699299.0,-0.2501239776611328
1708452114.119482,55979.92,-1155.2700000000004,2736.8600000000006,10696937.0,-0.2496662139892578
1708452114.2534354,56039.56,-1115.5699999999997,2744.769999999997,10695378.0,-0.2494640350341797
1708452114.3873887,56091.229999999996,-1079.8400000000001,2752.6800000000003,10692935.0,-0.24902915954589844
1708452114.521342,56134.96000000001,-1048.0800000000017,2760.5899999999965,10690013.0,-0.24845314025878906
1708452114.6552956,56170.729999999996,-1024.2599999999984,2764.550000000003,10688199.0,-0.248077392578125
1708452114.789249,56202.53,-1000.4399999999987,2768.5,10685726.0,-0.2476482391357422
1708452114.9232023,56230.36,-980.5900000000001,2772.449999999997,10682980.0,-0.2470722198486328
1708452115.0571556,56254.21000000001,-964.7099999999991,2776.4100000000035,10680736.0,-0.2465229034423828
1708452115.191109,56274.08,-948.8300000000017,2780.3700000000026,10678617.0,-0.2461261749267578
1708452115.3250623,56289.990000000005,-936.9199999999983,2784.3199999999997,10675996.0,-0.24555015563964844
1708452115.4590156,56301.91,-925.0099999999984,2788.269999999997,10673254.0,-0.24488449096679688
1708452115.592969,56313.83,-917.0699999999997,2788.269999999997,10671438.0,-0.24448585510253906
1708452115.7269223,56321.78,-909.130000000001,2792.230000000003,10668751.0,-0.2438983917236328
1708452115.8608756,56329.729999999996,-901.1899999999987,2792.230000000003,10665820.0,-0.2432270050048828
1708452115.994829,56337.67999999999,-897.2200000000012,2792.230000000003,10663943.0,-0.2427082061767578
1708452116.1287825,56341.66,-893.25,2796.1800000000003,10661493.0,-0.2421875
1708452116.2627358,56345.630000000005,-889.2799999999988,2796.1800000000003,10658585.0,-0.24152183532714844
1708452116.3966892,56349.600000000006,-885.3100000000013,2796.1800000000003,10656210.0,-0.24086380004882812
1708452116.5306425,56353.58,-881.3400000000001,2796.1800000000003,10654122.0,-0.24040985107421875
1708452116.6645958,56353.58,-881.3400000000001,2800.1399999999994,10651486.0,-0.239776611328125
1708452116.7985492,56353.58,-881.3400000000001,2800.1399999999994,10648530.0,-0.2390308380126953
1708452116.9325025,56353.58,-881.3400000000001,2800.1399999999994,10646530.0,-0.2385578155517578
1708452117.0664558,56353.58,-881.3400000000001,2800.1399999999994,10643867.0,-0.2379169464111328
1708452117.2004092,56353.58,-881.3400000000001,2800.1399999999994,10640838.0,-0.23719215393066406
1708452117.3343625,56353.58,-881.3400000000001,2800.1399999999994,10638759.0,-0.2366046905517578
1708452117.4683158,56353.58,-881.3400000000001,2800.1399999999994,10636306.0,-0.23605918884277344
1708452117.6022692,56353.58,-881.3400000000001,2800.1399999999994,10633538.0,-0.235382080078125
1708452117.7362227,56353.58,-881.3400000000001,2800.1399999999994,10630786.0,-0.23464202880859375
1708452117.870176,56353.58,-881.3400000000001,2800.1399999999994,10628726.0,-0.23416709899902344
1708452118.0041294,56353.58,-885.3100000000013,2800.1399999999994,10625987.0,-0.2334918975830078
1708452118.1380827,56353.58,-885.3100000000013,2804.0899999999965,10622986.0,-0.23272705078125
1708452118.272036,56353.58,-889.2799999999988,2804.0899999999965,10621131.0,-0.23221778869628906
1708452118.4059894,56353.58,-889.2799999999988,2804.0899999999965,10618291.0,-0.23157310485839844
1708452118.5399427,56353.58,-889.2799999999988,2804.0899999999965,10615336.0,-0.23085403442382812
1708452118.673896,56353.58,-889.2799999999988,2804.0899999999965,10613157.0,-0.2302093505859375
1708452118.8078494,56353.58,-889.2799999999988,2804.0899999999965,10610791.0,-0.22967529296875
1708452118.9418027,56353.58,-893.25,2804.0899999999965,10607885.0,-0.22896194458007812
1708452119.075756,56353.58,-893.25,2804.0899999999965,10605055.0,-0.22820091247558594
1708452119.2097094,56353.58,-897.2200000000012,2804.0899999999965,10603024.0,-0.22771263122558594
1708452119.343663,56353.58,-897.2200000000012,2804.0899999999965,10600238.0,-0.2270221710205078
1708452119.4776163,56353.58,-897.2200000000012,2804.0899999999965,10597280.0,-0.2262744903564453
1708452119.6115696,56353.58,-897.2200000000012,2804.0899999999965,10595241.0,-0.22571372985839844
1708452119.745523,56353.58,-897.2200000000012,2804.0899999999965,10592566.0,-0.2250823974609375
1708452119.8794763,56353.58,-897.2200000000012,2804.0899999999965,10589628.0,-0.22435951232910156
1708452120.0134296,56353.58,-897.2200000000012,2804.0899999999965,10587317.0,-0.22368621826171875
1708452120.147383,56353.58,-897.2200000000012,2804.0899999999965,10584887.0,-0.22314453125
1708452120.2813363,56353.58,-897.2200000000012,2804.0899999999965,10582176.0,-0.2224559783935547
1708452120.4152896,56353.58,-897.2200000000012,2804.0899999999965,10579265.0,-0.22167396545410156
1708452120.549243,56353.58,-897.2200000000012,2804.0899999999965,10577250.0,-0.22118568420410156
1708452120.6831963,56353.58,-897.2200000000012,2804.0899999999965,10574467.0,-0.22049713134765625
1708452120.8171499,56353.58,-897.2200000000012,2804.0899999999965,10571505.0,-0.21973609924316406
1708452120.9511032,56353.58,-897.2200000000012,2808.050000000003,10569535.0,-0.21918487548828125
1708452121.0850565,56353.58,-897.2200000000012,2808.050000000003,10566808.0,-0.2185497283935547
1708452121.2190099,56353.58,-897.2200000000012,2808.050000000003,10563943.0,-0.21784591674804688
1708452121.3529632,56353.58,-897.2200000000012,2808.050000000003,10561430.0,-0.2171173095703125
1708452121.4869165,56353.58,-897.2200000000012,2808.050000000003,10559122.0,-0.21660232543945312
1708452121.6208699,56353.58,-897.2200000000012,2808.050000000003,10556252.0,-0.2158946990966797
1708452121.7548232,56353.58,-897.2200000000012,2808.050000000003,10553346.0,-0.2151165008544922
1708452121.8887765,56353.58,-897.2200000000012,2812.0,10551453.0,-0.21462059020996094
1708452122.0227299,56353.58,-897.2200000000012,2812.0,10548666.0,-0.2139453887939453
1708452122.1566832,56353.58,-897.2200000000012,2812.0,10545581.0,-0.21320152282714844
1708452122.2906365,56353.58,-901.1899999999987,2812.0,10543551.0,-0.21257781982421875
1708452122.42459,56353.58,-901.1899999999987,2812.0,10540995.0,-0.21199607849121094
1708452122.5585434,56353.58,-905.1599999999999,2812.0,10538119.0,-0.21127700805664062
1708452122.6924968,56353.58,-905.1599999999999,2812.0,10535494.0,-0.21053314208984375
1708452122.82645,56353.58,-905.1599999999999,2812.0,10533329.0,-0.21004295349121094
1708452122.9604034,56353.58,-905.1599999999999,2812.0,10530582.0,-0.20934295654296875
1708452123.0943568,56353.58,-905.1599999999999,2815.959999999999,10527697.0,-0.2085857391357422
1708452123.22831,56353.58,-905.1599999999999,2815.959999999999,10525737.0,-0.20806312561035156
1708452123.3622634,56353.58,-905.1599999999999,2815.959999999999,10522956.0,-0.2073993682861328
1708452123.4962168,56353.58,-909.130000000001,2815.959999999999,10520078.0,-0.2066669464111328
1708452123.63017,56353.58,-909.130000000001,2815.959999999999,10517877.0,-0.20604515075683594
1708452123.7641234,56353.58,-913.0999999999985,2815.959999999999,10515435.0,-0.2054767608642578
1708452123.8980768,56353.58,-913.0999999999985,2815.959999999999,10512539.0,-0.20476341247558594
1708452124.0320303,56353.58,-913.0999999999985,2815.959999999999,10509891.0,-0.20401382446289062
1708452124.1659837,56353.58,-913.0999999999985,2815.959999999999,10507848.0,-0.2035350799560547
1708452124.299937,56353.58,-913.0999999999985,2815.959999999999,10505173.0,-0.20285415649414062
1708452124.4338903,56353.58,-913.0999999999985,2815.959999999999,10502147.0,-0.2020702362060547
1708452124.5678437,56353.58,-913.0999999999985,2815.959999999999,10500383.0,-0.20158767700195312
1708452124.701797,56353.58,-913.0999999999985,2815.959999999999,10497701.0,-0.20093536376953125
1708452124.8357503,56353.58,-917.0699999999997,2815.959999999999,10494781.0,-0.20020484924316406
1708452124.9697037,56353.58,-917.0699999999997,2815.959999999999,10492725.0,-0.19957542419433594
1708452125.103657,56353.58,-921.0400000000009,2815.959999999999,10490352.0,-0.1990528106689453
1708452125.2376103,56353.58,-921.0400000000009,2815.959999999999,10487463.0,-0.19834327697753906
1708452125.3715637,56353.58,-925.0099999999984,2815.959999999999,10484939.0,-0.19762039184570312
1708452125.5055172,56353.58,-925.0099999999984,2815.959999999999,10482942.0,-0.19714736938476562
1708452125.6394706,56353.58,-925.0099999999984,2815.959999999999,10480207.0,-0.19646835327148438
1708452125.773424,56353.58,-925.0099999999984,2815.959999999999,10477239.0,-0.1956920623779297
1708452125.9073772,56353.58,-925.0099999999984,2815.959999999999,10475446.0,-0.19517898559570312
1708452126.0413306,56353.58,-928.9799999999996,2815.959999999999,10472877.0,-0.1945819854736328
1708452126.175284,56353.58,-928.9799999999996,2815.959999999999,10469998.0,-0.19385528564453125
1708452126.3092372,56353.58,-928.9799999999996,2815.959999999999,10467958.0,-0.19326019287109375
1708452126.4431906,56353.58,-928.9799999999996,2815.959999999999,10465583.0,-0.19271469116210938
1708452126.577144,56353.58,-932.9500000000007,2815.959999999999,10462819.0,-0.19202804565429688
1708452126.7110972,56353.58,-932.9500000000007,2815.959999999999,10460294.0,-0.19130516052246094
1708452126.8450506,56353.58,-932.9500000000007,2815.959999999999,10458364.0,-0.19084930419921875
1708452126.979004,56353.58,-932.9500000000007,2815.959999999999,10455660.0,-0.19017791748046875
1708452127.1129575,56353.58,-936.9199999999983,2815.959999999999,10452812.0,-0.18942642211914062
1708452127.2469108,56353.58,-936.9199999999983,2815.959999999999,10451093.0,-0.18896484375
1708452127.3808641,56353.58,-936.9199999999983,2815.959999999999,10448520.0,-0.1883373260498047
1708452127.5148175,56353.58,-936.9199999999983,2815.959999999999,10445643.0,-0.18761444091796875
1708452127.6487708,56357.56,-936.9199999999983,2815.959999999999,10443724.0,-0.18705368041992188
1708452127.7827241,56357.56,-936.9199999999983,2815.959999999999,10441515.0,-0.18653297424316406
1708452127.9166775,56357.56,-936.9199999999983,2812.0,10438681.0,-0.18583297729492188
1708452128.0506308,56357.56,-936.9199999999983,2812.0,10436198.0,-0.18512916564941406
1708452128.1845841,56357.56,-936.9199999999983,2812.0,10434548.0,-0.18471145629882812
1708452128.3185375,56357.56,-936.9199999999983,2812.0,10431848.0,-0.1840534210205078
1708452128.4524908,56357.56,-936.9199999999983,2808.050000000003,10428848.0,-0.18331527709960938
1708452128.5864441,56357.56,-936.9199999999983,2808.050000000003,10427276.0,-0.18282127380371094
1708452128.7203977,56357.56,-940.8899999999994,2808.050000000003,10424729.0,-0.1822490692138672
1708452128.854351,56357.56,-940.8899999999994,2808.050000000003,10422030.0,-0.18157958984375
1708452128.9883044,56357.56,-940.8899999999994,2804.0899999999965,10419734.0,-0.18090248107910156
1708452129.1222577,56357.56,-940.8899999999994,2804.0899999999965,10417713.0,-0.18043899536132812
1708452129.256211,56357.56,-940.8899999999994,2804.0899999999965,10415225.0,-0.17980384826660156
1708452129.3901644,56357.56,-936.9199999999983,2804.0899999999965,10412411.0,-0.17905807495117188
1708452129.5241177,56357.56,-936.9199999999983,2800.1399999999994,10410838.0,-0.17863082885742188
1708452129.658071,56357.56,-936.9199999999983,2800.1399999999994,10408387.0,-0.17803573608398438
1708452129.7920244,56357.56,-936.9199999999983,2800.1399999999994,10405594.0,-0.177337646484375
1708452129.9259777,56357.56,-936.9199999999983,2800.1399999999994,10403628.0,-0.17676734924316406
1708452130.059931,56357.56,-936.9199999999983,2800.1399999999994,10401371.0,-0.17625045776367188
1708452130.1938846,56357.56,-936.9199999999983,2796.1800000000003,10398793.0,-0.17560577392578125
1708452130.327838,56357.56,-932.9500000000007,2796.1800000000003,10396480.0,-0.17491912841796875
1708452130.4617913,56357.56,-932.9500000000007,2796.1800000000003,10394829.0,-0.17452430725097656
1708452130.5957446,56357.56,-932.9500000000007,2796.1800000000003,10392256.0,-0.1738910675048828
1708452130.729698,56357.56,-932.9500000000007,2792.230000000003,10389460.0,-0.1731739044189453
1708452130.8636513,56357.56,-928.9799999999996,2792.230000000003,10387916.0,-0.17271804809570312
1708452130.9976046,56357.56,-928.9799999999996,2792.230000000003,10385612.0,-0.17216873168945312
1708452131.131558,56357.56,-928.9799999999996,2788.269999999997,10382861.0,-0.17150115966796875
1708452131.2655113,56357.56,-928.9799999999996,2788.269999999997,10380809.0,-0.1708812713623047
1708452131.3994646,56357.56,-928.9799999999996,2788.269999999997,10378928.0,-0.1704559326171875
1708452131.533418,56357.56,-928.9799999999996,2784.3199999999997,10376388.0,-0.16982460021972656
1708452131.6673713,56357.56,-928.9799999999996,2784.3199999999997,10373735.0,-0.1691150665283203
1708452131.8013248,56357.56,-925.0099999999984,2784.3199999999997,10372134.0,-0.16869735717773438
1708452131.9352782,56357.56,-925.0099999999984,2784.3199999999997,10369794.0,-0.168121337890625
1708452132.0692315,56357.56,-921.0400000000009,2780.3700000000026,10367099.0,-0.16745567321777344
1708452132.2031848,56357.56,-921.0400000000009,2780.3700000000026,10365432.0,-0.16692161560058594
1708452132.3371382,56357.56,-921.0400000000009,2780.3700000000026,10363388.0,-0.1664581298828125
1708452132.4710915,56357.56,-921.0400000000009,2780.3700000000026,10361101.0,-0.16587448120117188
1708452132.6050448,56357.56,-917.0699999999997,2780.3700000000026,10358443.0,-0.16515159606933594
1708452132.7389982,56357.56,-917.0699999999997,2780.3700000000026,10356947.0,-0.1647815704345703
1708452132.8729515,56357.56,-917.0699999999997,2780.3700000000026,10354552.0,-0.16419219970703125
1708452133.0069048,56357.56,-917.0699999999997,2776.4100000000035,10351777.0,-0.1634960174560547
1708452133.1408582,56357.56,-917.0699999999997,2776.4100000000035,10350219.0,-0.16302490234375
1708452133.2748115,56357.56,-917.0699999999997,2772.449999999997,10348085.0,-0.16253662109375
1708452133.408765,56357.56,-913.0999999999985,2772.449999999997,10345750.0,-0.1619415283203125
1708452133.5427184,56357.56,-913.0999999999985,2768.5,10343575.0,-0.16129112243652344
1708452133.6766717,56353.58,-913.0999999999985,2768.5,10341920.0,-0.1609210968017578
1708452133.810625,56353.58,-913.0999999999985,2768.5,10339469.0,-0.16031455993652344
1708452133.9445784,56353.58,-909.130000000001,2764.550000000003,10336708.0,-0.15961074829101562
1708452134.0785317,56353.58,-909.130000000001,2764.550000000003,10335487.0,-0.15924072265625
1708452134.212485,56353.58,-909.130000000001,2764.550000000003,10333295.0,-0.15871047973632812
1708452134.3464384,56353.58,-909.130000000001,2760.5899999999965,10330778.0,-0.1580982208251953
1708452134.4803917,56349.600000000006,-909.130000000001,2760.5899999999965,10328963.0,-0.15753555297851562
1708452134.614345,56349.600000000006,-909.130000000001,2760.5899999999965,10326893.0,-0.1570873260498047
1708452134.7482984,56349.600000000006,-905.1599999999999,2760.5899999999965,10324488.0,-0.1564922332763672
1708452134.882252,56349.600000000006,-901.1899999999987,2760.5899999999965,10322307.0,-0.1558513641357422
1708452135.0162053,56345.630000000005,-901.1899999999987,2760.5899999999965,10320984.0,-0.1555156707763672
1708452135.1501586,56345.630000000005,-901.1899999999987,2760.5899999999965,10318502.0,-0.1549243927001953
1708452135.284112,56345.630000000005,-901.1899999999987,2760.5899999999965,10315906.0,-0.1542816162109375
1708452135.4180653,56345.630000000005,-897.2200000000012,2760.5899999999965,10314563.0,-0.1538524627685547
1708452135.5520186,56345.630000000005,-897.2200000000012,2760.5899999999965,10312488.0,-0.15336036682128906
1708452135.685972,56341.66,-897.2200000000012,2760.5899999999965,10309998.0,-0.15274620056152344
1708452135.8199253,56337.67999999999,-897.2200000000012,2760.5899999999965,10308265.0,-0.1522064208984375
1708452135.9538786,56337.67999999999,-897.2200000000012,2760.5899999999965,10306291.0,-0.15178680419921875
1708452136.087832,56337.67999999999,-897.2200000000012,2760.5899999999965,10303969.0,-0.15120315551757812
1708452136.2217853,56337.67999999999,-897.2200000000012,2760.5899999999965,10301589.0,-0.15055084228515625
1708452136.3557386,56337.67999999999,-897.2200000000012,2760.5899999999965,10300253.0,-0.15021133422851562
1708452136.4896922,56337.67999999999,-897.2200000000012,2760.5899999999965,10298072.0,-0.14966201782226562
1708452136.6236455,56337.67999999999,-893.25,2756.6399999999994,10295455.0,-0.1490154266357422
1708452136.7575989,56337.67999999999,-893.25,2756.6399999999994,10294121.0,-0.148590087890625
1708452136.8915522,56333.71000000001,-893.25,2756.6399999999994,10292228.0,-0.14813995361328125
1708452137.0255055,56333.71000000001,-893.25,2756.6399999999994,10289807.0,-0.1475677490234375
1708452137.1594589,56333.71000000001,-893.25,2756.6399999999994,10287766.0,-0.14695167541503906
1708452137.2934122,56333.71000000001,-893.25,2756.6399999999994,10286179.0,-0.1466045379638672
1708452137.4273655,56333.71000000001,-893.25,2756.6399999999994,10283978.0,-0.14604949951171875
1708452137.5613189,56333.71000000001,-893.25,2756.6399999999994,10281531.0,-0.14539718627929688
1708452137.6952722,56333.71000000001,-893.25,2752.6800000000003,10280352.0,-0.14506149291992188
1708452137.8292255,56329.729999999996,-889.2799999999988,2752.6800000000003,10278185.0,-0.1445465087890625
1708452137.9631789,56325.75,-889.2799999999988,2748.730000000003,10275940.0,-0.14397048950195312
1708452138.0971324,56321.78,-893.25,2748.730000000003,10274391.0,-0.14346694946289062
1708452138.2310858,56321.78,-893.25,2748.730000000003,10272482.0,-0.14307594299316406
1708452138.365039,56321.78,-893.25,2748.730000000003,10270291.0,-0.14252090454101562
1708452138.4989924,56321.78,-893.25,2748.730000000003,10268198.0,-0.1419200897216797
1708452138.6329458,56321.78,-893.25,2748.730000000003,10266806.0,-0.14159584045410156
1708452138.766899,56321.78,-893.25,2744.769999999997,10264747.0,-0.1410694122314453
1708452138.9008524,56317.8,-893.25,2744.769999999997,10262397.0,-0.140472412109375
1708452139.0348058,56317.8,-893.25,2744.769999999997,10261156.0,-0.1400775909423828
1708452139.168759,56313.83,-897.2200000000012,2740.8199999999997,10259239.0,-0.13963699340820312
1708452139.3027124,56313.83,-897.2200000000012,2740.8199999999997,10256841.0,-0.13906288146972656
1708452139.4366658,56313.83,-901.1899999999987,2740.8199999999997,10255149.0,-0.13853836059570312
1708452139.5706193,56313.83,-901.1899999999987,2736.8600000000006,10253646.0,-0.13819313049316406
1708452139.7045727,56313.83,-901.1899999999987,2736.8600000000006,10251487.0,-0.13766860961914062
1708452139.838526,56313.83,-901.1899999999987,2736.8600000000006,10249192.0,-0.1370525360107422
1708452139.9724793,56309.850000000006,-905.1599999999999,2736.8600000000006,10248118.0,-0.13674163818359375
1708452140.1064327,56309.850000000006,-905.1599999999999,2736.8600000000006,10246034.0,-0.1362476348876953
1708452140.240386,56309.850000000006,-905.1599999999999,2732.9100000000035,10243559.0,-0.13564109802246094
1708452140.3743393,56309.850000000006,-905.1599999999999,2732.9100000000035,10242396.0,-0.13525390625
1708452140.5082927,56309.850000000006,-905.1599999999999,2732.9100000000035,10240513.0,-0.13483810424804688
1708452140.642246,56309.850000000006,-905.1599999999999,2732.9100000000035,10238333.0,-0.13429641723632812
1708452140.7761993,56309.850000000006,-905.1599999999999,2732.9100000000035,10236374.0,-0.13371658325195312
1708452140.9101527,56309.850000000006,-905.1599999999999,2732.9100000000035,10234964.0,-0.13341331481933594
1708452141.044106,56309.850000000006,-905.1599999999999,2732.9100000000035,10232996.0,-0.13290786743164062
1708452141.1780596,56309.850000000006,-901.1899999999987,2732.9100000000035,10230746.0,-0.1323108673095703
1708452141.312013,56309.850000000006,-901.1899999999987,2732.9100000000035,10229742.0,-0.1320018768310547
1708452141.4459662,56309.850000000006,-901.1899999999987,2732.9100000000035,10227834.0,-0.13155174255371094
1708452141.5799196,56309.850000000006,-901.1899999999987,2732.9100000000035,10225494.0,-0.13099288940429688
1708452141.713873,56309.850000000006,-901.1899999999987,2732.9100000000035,10223891.0,-0.13048744201660156
1708452141.8478262,56309.850000000006,-897.2200000000012,2732.9100000000035,10222360.0,-0.13016891479492188
1708452141.9817796,56309.850000000006,-897.2200000000012,2732.9100000000035,10220348.0,-0.12965965270996094
1708452142.115733,56309.850000000006,-897.2200000000012,2732.9100000000035,10218330.0,-0.12907981872558594
1708452142.2496862,56309.850000000006,-893.25,2732.9100000000035,10217314.0,-0.12881851196289062
1708452142.3836396,56305.880000000005,-893.25,2732.9100000000035,10215490.0,-0.12835693359375
1708452142.517593,56305.880000000005,-893.25,2728.949999999997,10213082.0,-0.127777099609375
1708452142.6515462,56305.880000000005,-893.25,2728.949999999997,10211950.0,-0.12738990783691406
1708452142.7854998,56305.880000000005,-893.25,2728.949999999997,10210392.0,-0.12704086303710938
1708452142.9194531,56305.880000000005,-893.25,2728.949999999997,10208144.0,-0.12651634216308594
1708452143.0534065,56305.880000000005,-893.25,2728.949999999997,10206475.0,-0.1259784698486328
1708452143.1873598,56301.91,-893.25,2728.949999999997,10205212.0,-0.12571144104003906
1708452143.3213131,56301.91,-893.25,2728.949999999997,10203181.0,-0.12520980834960938
1708452143.4552665,56301.91,-893.25,2728.949999999997,10201028.0,-0.12464141845703125
1708452143.5892198,56301.91,-893.25,2728.949999999997,10199970.0,-0.12432670593261719
1708452143.7231731,56301.91,-893.25,2728.949999999997,10198149.0,-0.12391471862792969
1708452143.8571265,56301.91,-893.25,2728.949999999997,10196034.0,-0.12339210510253906
1708452143.9910798,56297.92,-893.25,2728.949999999997,10194595.0,-0.12292861938476562
1708452144.1250331,56297.92,-893.25,2728.949999999997,10193218.0,-0.1226348876953125
1708452144.2589867,56297.92,-893.25,2728.949999999997,10191311.0,-0.12215232849121094
1708452144.39294,56297.92,-893.25,2728.949999999997,10189296.0,-0.12159347534179688
1708452144.5268934,56297.92,-893.25,2728.949999999997,10188319.0,-0.12130928039550781
1708452144.6608467,56297.92,-893.25,2728.949999999997,10186517.0,-0.1208953857421875
1708452144.7948,56297.92,-893.25,2728.949999999997,10184348.0,-0.12036514282226562
1708452144.9287534,56297.92,-893.25,2728.949999999997,10183071.0,-0.11995315551757812
1708452145.0627067,56297.92,-893.25,2728.949999999997,10181571.0,-0.11963272094726562
1708452145.19666,56297.92,-897.2200000000012,2728.949999999997,10179739.0,-0.11916732788085938
1708452145.3306134,56297.92,-897.2200000000012,2728.949999999997,10177755.0,-0.11861228942871094
1708452145.4645667,56297.92,-897.2200000000012,2728.949999999997,10176894.0,-0.11838150024414062
1708452145.59852,56297.92,-897.2200000000012,2728.949999999997,10175014.0,-0.1179351806640625
1708452145.7324734,56297.92,-901.1899999999987,2728.949999999997,10172731.0,-0.11736869812011719
1708452145.866427,56297.92,-901.1899999999987,2728.949999999997,10171779.0,-0.1170654296875
1708452146.0003803,56297.92,-901.1899999999987,2728.949999999997,10170141.0,-0.11669158935546875
1708452146.1343336,56297.92,-901.1899999999987,2728.949999999997,10168070.0,-0.11618423461914062
1708452146.268287,56297.92,-901.1899999999987,2728.949999999997,10166715.0,-0.11574554443359375
1708452146.4022403,56297.92,-901.1899999999987,2728.949999999997,10165420.0,-0.11546897888183594
1708452146.5361936,56297.92,-905.1599999999999,2728.949999999997,10163631.0,-0.115020751953125
1708452146.670147,56297.92,-905.1599999999999,2728.949999999997,10161660.0,-0.114471435546875
1708452146.8041003,56297.92,-905.1599999999999,2728.949999999997,10160803.0,-0.11424446105957031
1708452146.9380536,56297.92,-905.1599999999999,2728.949999999997,10159131.0,-0.11382865905761719
1708452147.072007,56297.92,-905.1599999999999,2728.949999999997,10157118.0,-0.11332893371582031
1708452147.2059603,56297.92,-905.1599999999999,2728.949999999997,10156061.0,-0.11298179626464844
1708452147.3399136,56297.92,-909.130000000001,2728.949999999997,10154642.0,-0.11266899108886719
1708452147.4738672,56297.92,-909.130000000001,2728.949999999997,10152664.0,-0.11219978332519531
1708452147.6078205,56297.92,-909.130000000001,2728.949999999997,10151052.0,-0.11170387268066406
1708452147.7417738,56297.92,-909.130000000001,2728.949999999997,10150003.0,-0.11147499084472656
1708452147.8757272,56297.92,-909.130000000001,2728.949999999997,10148400.0,-0.11106109619140625
1708452148.0096805,56297.92,-913.0999999999985,2728.949999999997,10146350.0,-0.11052703857421875
1708452148.1436338,56297.92,-913.0999999999985,2728.949999999997,10145494.0,-0.11026954650878906
1708452148.2775872,56297.92,-917.0699999999997,2728.949999999997,10143968.0,-0.1099090576171875
1708452148.4115405,56297.92,-917.0699999999997,2728.949999999997,10141735.0,-0.10939788818359375
1708452148.5454938,56297.92,-917.0699999999997,2728.949999999997,10140592.0,-0.10900497436523438
1708452148.6794472,56297.92,-921.0400000000009,2728.949999999997,10139430.0,-0.1087493896484375
1708452148.8134005,56297.92,-925.0099999999984,2728.949999999997,10137492.0,-0.10828781127929688
1708452148.947354,56297.92,-925.0099999999984,2728.949999999997,10135785.0,-0.10778617858886719
1708452149.0813074,56297.92,-925.0099999999984,2728.949999999997,10135058.0,-0.10759735107421875
1708452149.2152607,56297.92,-925.0099999999984,2728.949999999997,10133395.0,-0.1071929931640625
1708452149.349214,56297.92,-925.0099999999984,2728.949999999997,10131452.0,-0.106689453125
1708452149.4831674,56297.92,-928.9799999999996,2728.949999999997,10130645.0,-0.10641670227050781
1708452149.6171207,56297.92,-932.9500000000007,2728.949999999997,10128990.0,-0.10606193542480469
1708452149.751074,56297.92,-932.9500000000007,2728.949999999997,10127160.0,-0.10562515258789062
1708452149.8850274,56297.92,-932.9500000000007,2728.949999999997,10125921.0,-0.10519027709960938
1708452150.0189807,56297.92,-932.9500000000007,2728.949999999997,10124784.0,-0.10496711730957031
1708452150.152934,56297.92,-936.9199999999983,2728.949999999997,10123184.0,-0.10456085205078125
1708452150.2868874,56297.92,-936.9199999999983,2728.949999999997,10121133.0,-0.104034423828125
1708452150.4208407,56297.92,-936.9199999999983,2728.949999999997,10120549.0,-0.10383415222167969
1708452150.5547943,56297.92,-940.8899999999994,2728.949999999997,10118971.0,-0.10346794128417969
1708452150.6887476,56297.92,-940.8899999999994,2728.949999999997,10116973.0,-0.10299491882324219
1708452150.822701,56297.92,-944.8600000000006,2728.949999999997,10116041.0,-0.10263824462890625
1708452150.9566543,56297.92,-944.8600000000006,2728.949999999997,10114894.0,-0.10240745544433594
1708452151.0906076,56297.92,-944.8600000000006,2728.949999999997,10113253.0,-0.10200119018554688
1708452151.224561,56297.92,-944.8600000000006,2728.949999999997,10111438.0,-0.10149574279785156
1708452151.3585143,56301.91,-944.8600000000006,2728.949999999997,10110666.0,-0.10129547119140625
1708452151.4924676,56301.91,-944.8600000000006,2728.949999999997,10109179.0,-0.1009368896484375
1708452151.626421,56301.91,-944.8600000000006,2728.949999999997,10107223.0,-0.10046005249023438
1708452151.7603743,56301.91,-944.8600000000006,2728.949999999997,10106405.0,-0.10016250610351562
1708452151.8943276,56301.91,-944.8600000000006,2728.949999999997,10105202.0,-0.09990310668945312
1708452152.028281,56301.91,-948.8300000000017,2728.949999999997,10103551.0,-0.09950637817382812
1708452152.1622345,56301.91,-948.8300000000017,2728.949999999997,10101910.0,-0.09902000427246094
1708452152.2961879,56301.91,-952.7999999999993,2728.949999999997,10101232.0,-0.0988616943359375
1708452152.4301412,56301.91,-952.7999999999993,2728.949999999997,10099614.0,-0.09846878051757812
1708452152.5640945,56301.91,-952.7999999999993,2728.949999999997,10097809.0,-0.09799766540527344
1708452152.6980479,56301.91,-952.7999999999993,2728.949999999997,10097080.0,-0.09776687622070312
1708452152.8320012,56301.91,-952.7999999999993,2728.949999999997,10095627.0,-0.09745216369628906
1708452152.9659545,56301.91,-956.7700000000004,2728.949999999997,10093981.0,-0.09704399108886719
1708452153.0999079,56301.91,-960.7400000000016,2728.949999999997,10092676.0,-0.09662055969238281
1708452153.2338612,56301.91,-960.7400000000016,2728.949999999997,10091655.0,-0.09642410278320312
1708452153.3678145,56301.91,-960.7400000000016,2728.949999999997,10090165.0,-0.09604454040527344
1708452153.5017679,56301.91,-960.7400000000016,2728.949999999997,10088437.0,-0.09556961059570312
1708452153.6357214,56301.91,-960.7400000000016,2728.949999999997,10087834.0,-0.09539604187011719
1708452153.7696748,56301.91,-960.7400000000016,2728.949999999997,10086513.0,-0.09506988525390625
1708452153.903628,56301.91,-960.7400000000016,2728.949999999997,10084672.0,-0.09463691711425781
1708452154.0375814,56301.91,-960.7400000000016,2728.949999999997,10083757.0,-0.0943145751953125
1708452154.1715348,56301.91,-960.7400000000016,2728.949999999997,10082726.0,-0.09409332275390625
1708452154.305488,56301.91,-960.7400000000016,2728.949999999997,10080991.0,-0.09368896484375
1708452154.4394414,56301.91,-964.7099999999991,2728.949999999997,10079446.0,-0.09323310852050781
1708452154.5733948,56301.91,-968.6800000000003,2728.949999999997,10078795.0,-0.09308624267578125
1708452154.707348,56301.91,-968.6800000000003,2728.949999999997,10077278.0,-0.09271812438964844
1708452154.8413014,56301.91,-968.6800000000003,2728.949999999997,10075406.0,-0.09226226806640625
1708452154.9752548,56301.91,-968.6800000000003,2728.949999999997,10074802.0,-0.0920257568359375
1708452155.109208,56301.91,-968.6800000000003,2728.949999999997,10073613.0,-0.09175682067871094
1708452155.2431617,56301.91,-968.6800000000003,2728.949999999997,10071909.0,-0.09134864807128906
1708452155.377115,56301.91,-972.6500000000015,2728.949999999997,10070783.0,-0.09097480773925781
1708452155.5110683,56301.91,-972.6500000000015,2728.949999999997,10069792.0,-0.09078598022460938
1708452155.6450217,56301.91,-972.6500000000015,2728.949999999997,10068311.0,-0.09041786193847656
1708452155.778975,56301.91,-972.6500000000015,2725.0,10066726.0,-0.0899658203125
1708452155.9129283,56301.91,-972.6500000000015,2725.0,10066146.0,-0.08978080749511719
1708452156.0468817,56301.91,-972.6500000000015,2725.0,10064984.0,-0.08952140808105469
1708452156.180835,56301.91,-972.6500000000015,2725.0,10063577.0,-0.08916854858398438
1708452156.3147883,56301.91,-976.619999999999,2725.0,10062077.0,-0.08874702453613281
1708452156.4487417,56301.91,-976.619999999999,2725.0,10061288.0,-0.0885162353515625
1708452156.582695,56301.91,-976.619999999999,2725.0,10060118.0,-0.08827590942382812
1708452156.7166483,56301.91,-976.619999999999,2725.0,10058763.0,-0.08792686462402344
1708452156.850602,56301.91,-976.619999999999,2725.0,10057107.0,-0.08752250671386719
1708452156.9845552,56301.91,-976.619999999999,2725.0,10056404.0,-0.08724594116210938
1708452157.1185086,56301.91,-976.619999999999,2725.0,10055347.0,-0.08704376220703125
1708452157.252462,56301.91,-976.619999999999,2725.0,10054025.0,-0.08670234680175781
1708452157.3864152,56301.91,-976.619999999999,2725.0,10052359.0,-0.08629608154296875
1708452157.5203686,56301.91,-976.619999999999,2721.040000000001,10051539.0,-0.08600234985351562
1708452157.654322,56301.91,-976.619999999999,2721.040000000001,10050665.0,-0.08583259582519531
1708452157.7882752,56301.91,-976.619999999999,2721.040000000001,10049285.0,-0.08548545837402344
1708452157.9222286,56301.91,-976.619999999999,2721.040000000001,10047717.0,-0.08504867553710938
1708452158.056182,56301.91,-976.619999999999,2721.040000000001,10047227.0,-0.08492279052734375
1708452158.1901352,56301.91,-976.619999999999,2721.040000000001,10045900.0,-0.08459854125976562
1708452158.3240888,56301.91,-976.619999999999,2717.0800000000017,10044167.0,-0.08416557312011719
1708452158.4580421,56301.91,-976.619999999999,2717.0800000000017,10043607.0,-0.08396148681640625
1708452158.5919955,56301.91,-976.619999999999,2717.0800000000017,10042501.0,-0.08372116088867188
1708452158.7259488,56301.91,-976.619999999999,2717.0800000000017,10040959.0,-0.08335304260253906
1708452158.8599021,56301.91,-976.619999999999,2717.0800000000017,10039858.0,-0.08298873901367188
1708452158.9938555,56301.91,-976.619999999999,2717.0800000000017,10039116.0,-0.08285331726074219
1708452159.1278088,56301.91,-976.619999999999,2717.0800000000017,10037840.0,-0.08252143859863281
1708452159.2617621,56301.91,-976.619999999999,2717.0800000000017,10036271.0,-0.08209037780761719
1708452159.3957155,56301.91,-976.619999999999,2717.0800000000017,10035890.0,-0.08198165893554688
1708452159.5296688,56301.91,-976.619999999999,2713.1299999999974,10034523.0,-0.08166313171386719
1708452159.6636221,56301.91,-972.6500000000015,2713.1299999999974,10032998.0,-0.08128166198730469
1708452159.7975755,56301.91,-972.6500000000015,2713.1299999999974,10032467.0,-0.0810546875
1708452159.931529,56301.91,-972.6500000000015,2713.1299999999974,10031356.0,-0.08083534240722656
1708452160.0654824,56301.91,-972.6500000000015,2713.1299999999974,10029846.0,-0.08048057556152344
1708452160.1994357,56301.91,-972.6500000000015,2713.1299999999974,10028805.0,-0.08012199401855469
1708452160.333389,56297.92,-972.6500000000015,2713.1299999999974,10028130.0,-0.0800018310546875
1708452160.4673424,56297.92,-972.6500000000015,2713.1299999999974,10026778.0,-0.07967185974121094
1708452160.6012957,56293.96000000001,-972.6500000000015,2713.1299999999974,10025316.0,-0.07926559448242188
1708452160.735249,56293.96000000001,-972.6500000000015,2713.1299999999974,10024909.0,-0.07913780212402344
1708452160.8692024,56293.96000000001,-972.6500000000015,2709.1699999999983,10023665.0,-0.07884979248046875
1708452161.0031557,56293.96000000001,-972.6500000000015,2709.1699999999983,10022145.0,-0.07847023010253906
1708452161.137109,56293.96000000001,-972.6500000000015,2709.1699999999983,10021524.0,-0.0782470703125
1708452161.2710624,56293.96000000001,-972.6500000000015,2709.1699999999983,10020549.0,-0.07804489135742188
1708452161.4050157,56293.96000000001,-972.6500000000015,2709.1699999999983,10019109.0,-0.07771110534667969
1708452161.5389693,56293.96000000001,-972.6500000000015,2709.1699999999983,10018019.0,-0.07733726501464844
1708452161.6729226,56289.990000000005,-972.6500000000015,2709.1699999999983,10017557.0,-0.07725334167480469
1708452161.806876,56289.990000000005,-972.6500000000015,2709.1699999999983,10016229.0,-0.07694053649902344
1708452161.9408293,56289.990000000005,-972.6500000000015,2709.1699999999983,10014631.0,-0.07652091979980469
1708452162.0747826,56289.990000000005,-972.6500000000015,2709.1699999999983,10014353.0,-0.07640457153320312
1708452162.208736,56289.990000000005,-972.6500000000015,2709.1699999999983,10013158.0,-0.076141357421875
1708452162.3426893,56289.990000000005,-972.6500000000015,2709.1699999999983,10011647.0,-0.075775146484375
1708452162.4766426,56289.990000000005,-972.6500000000015,2709.1699999999983,10010965.0,-0.07551193237304688
1708452162.610596,56289.990000000005,-972.6500000000015,2709.1699999999983,10010129.0,-0.07536506652832031
1708452162.7445493,56289.990000000005,-972.6500000000015,2709.1699999999983,10008815.0,-0.07503700256347656
1708452162.8785026,56289.990000000005,-972.6500000000015,2709.1699999999983,10007618.0,-0.07466697692871094
1708452163.0124562,56289.990000000005,-972.6500000000015,2709.1699999999983,10007191.0,-0.0745849609375
1708452163.1464095,56289.990000000005,-972.6500000000015,2709.1699999999983,10005989.0,-0.07428550720214844
1708452163.2803628,56289.990000000005,-976.619999999999,2709.1699999999983,10004482.0,-0.07388877868652344
1708452163.4143162,56289.990000000005,-976.619999999999,2709.1699999999983,10004026.0,-0.07374954223632812
1708452163.5482695,56289.990000000005,-976.619999999999,2709.1699999999983,10002909.0,-0.0735015869140625
1708452163.6822228,56289.990000000005,-976.619999999999,2709.1699999999983,10001427.0,-0.07314491271972656
1708452163.8161762,56289.990000000005,-976.619999999999,2709.1699999999983,10000709.0,-0.07288932800292969
1708452163.9501295,56289.990000000005,-976.619999999999,2709.1699999999983,9999924.0,-0.07273674011230469
1708452164.0840828,56286.0,-976.619999999999,2709.1699999999983,9998769.0,-0.07243919372558594
1708452164.2180362,56286.0,-980.5900000000001,2709.1699999999983,9997557.0,-0.0720672607421875
1708452164.3519895,56286.0,-980.5900000000001,2709.1699999999983,9997028.0,-0.07196807861328125
1708452164.4859428,56286.0,-980.5900000000001,2705.220000000001,9995845.0,-0.07168388366699219
1708452164.6198964,56286.0,-980.5900000000001,2705.220000000001,9994508.0,-0.07131195068359375
1708452164.7538497,56286.0,-980.5900000000001,2705.220000000001,9994206.0,-0.07120132446289062
1708452164.887803,56286.0,-980.5900000000001,2705.220000000001,9993165.0,-0.07096481323242188
1708452165.0217564,56286.0,-980.5900000000001,2705.220000000001,9991609.0,-0.07060813903808594
1708452165.1557097,56286.0,-980.5900000000001,2701.260000000002,9991044.0,-0.07037353515625
1708452165.289663,56286.0,-980.5900000000001,2701.260000000002,9990309.0,-0.07023811340332031
1708452165.4236164,56286.0,-984.5600000000013,2701.260000000002,9989086.0,-0.06994056701660156
1708452165.5575697,56286.0,-984.5600000000013,2701.260000000002,9987731.0,-0.06955146789550781
1708452165.691523,56286.0,-984.5600000000013,2697.3099999999977,9987427.0,-0.06949043273925781
1708452165.8254764,56286.0,-984.5600000000013,2697.3099999999977,9986370.0,-0.06922531127929688
1708452165.9594297,56286.0,-984.5600000000013,2697.3099999999977,9984948.0,-0.06884765625
1708452166.093383,56286.0,-984.5600000000013,0.0,9984624.0,-0.06872749328613281
